Product Name,Product Price,Product Image URL,Product Categories,Product Description,Product Page URL
Office 2016 Professional Plus Key,Us$ 4.49,https://pcgameskey.com/wp-content/themes/rehub-theme/images/default/wooproductph.png,SOFTWARE,Buy Office 2016 Professional Plus Key for the best price at Pcgameskey. Order now and we will send you the Office 2016 product key directly via e-mail. This is a one-time license and the activation key is only valid for installation on 1 PC.,https://pcgameskey.com/product/office-2016-professional-plus-key/
Office 365 Pro Plus 5 Devices 100 GB,Us$ 3.79,https://pcgameskey.com/wp-content/themes/rehub-theme/images/default/wooproductph.png,SOFTWARE,"Lifetime NO MONTHLY FEES Word, Excel, Powerpoint, OneNote, Outlook, Publisher & Access Included INSTANT DELIVERY",https://pcgameskey.com/product/office-365-professional-plus-lifetime-5-devices/
Windows 10 Pro Retail Key,Us$ 3.29,https://pcgameskey.com/wp-content/themes/rehub-theme/images/default/wooproductph.png,SOFTWARE,Buy Windows 10 Pro Retail Key for the best price at Pcgameskey. Order now and we will send you the product key directly via e-mail. This is a one-time license and the activation key is only valid for installation on 1 PC.,https://pcgameskey.com/product/windows-10-pro-retail/
Windows 7 Ultimate Key,Us$ 3.49,https://pcgameskey.com/wp-content/themes/rehub-theme/images/default/wooproductph.png,SOFTWARE,Buy Windows 7 Ultimate Key for the best price at Pcgameskey. Order now and we will send you the Windows 7 Ultimate product key via e-mail. The activation key is only valid for installation on 1 PC.,https://pcgameskey.com/product/windows-7-ultimate-key/
Windows 11 Pro Oem Key,Us$ 3.49,https://pcgameskey.com/wp-content/themes/rehub-theme/images/default/wooproductph.png,SOFTWARE,Buy Windows 11 Pro Oem Key for the best price at Pcgameskey. Order now and we will send you the Windows 11 Pro Oem product key directly via e-mail. This is a one-time license and the activation key is only valid for installation on 1 PC.,https://pcgameskey.com/product/windows-11-pro-oem/
Windows 11 Pro Retail Key,Us$ 3.49,https://pcgameskey.com/wp-content/themes/rehub-theme/images/default/wooproductph.png,SOFTWARE,Buy Windows 11 Pro Retail Key for the best price at Pcgameskey. Order now and we will send you the Windows 11 Pro Retail product key directly via e-mail. This is a one-time license and the activation key is only valid for installation on 1 PC.,https://pcgameskey.com/product/windows-11-pro-retail/
Windows 10 Home Oem Key,Us$ 3.39,https://pcgameskey.com/wp-content/themes/rehub-theme/images/default/wooproductph.png,SOFTWARE,Buy Windows 10 Home Oem Key for the best price at Pcgameskey. Order now and we will send you the product key directly via e-mail. This is a one-time license and the activation key is only valid for installation on 1 PC.,https://pcgameskey.com/product/windows-10-home-oem-key/
Windows Server 2019 Standard Key,Us$ 4.29,https://pcgameskey.com/wp-content/themes/rehub-theme/images/default/wooproductph.png,SOFTWARE,Buy Windows Server 2019 Standard Key for the best price at Pcgameskey. Order now and we will send you the product key directly via e-mail. This is a one-time license and the activation key is only valid for installation on 1 PC.,https://pcgameskey.com/product/windows-server-2019-standard-key/
Office 2021 Professional Plus Cd Key Phone activation,Us$ 4.29,https://pcgameskey.com/wp-content/themes/rehub-theme/images/default/wooproductph.png,SOFTWARE,"Buy Office 2021 Professional Plus Key for the best price at Pcgameskey. Order now and we will send you the product key directly via e-mail. This is a one-time license and the activation key is only valid for installation on 1 PC. It includes classic versions of Word, Excel, PowerPoint, and Outlook, as well as Publisher, OneNote, Skype for Business, and Access.",https://pcgameskey.com/product/office-2021-professional-plus-cd-key-phone-activation/
Windows 10 Home Retail Key,Us$ 3.39,https://pcgameskey.com/wp-content/themes/rehub-theme/images/default/wooproductph.png,SOFTWARE,Buy Windows 10 Home Retail Key for the best price at Pcgameskey. Order now and we will send you the product key directly via e-mail. This is a one-time license and the activation key is only valid for installation on 1 PC.,https://pcgameskey.com/product/windows-10-home/
Windows 11 Home Retail Key,Us$ 3.49,https://pcgameskey.com/wp-content/themes/rehub-theme/images/default/wooproductph.png,SOFTWARE,Buy Windows 11 Home Retail Key for the best price at Pcgameskey. Order now and we will send you the Windows 11 Home Retail product key directly via e-mail. This is a one-time license and the activation key is only valid for installation on 1 PC.,https://pcgameskey.com/product/windows-11-home/
Office 2019 Professional Plus Key,Us$ 5.49,https://pcgameskey.com/wp-content/themes/rehub-theme/images/default/wooproductph.png,SOFTWARE,Buy Office 2019 Professional Plus Key for the best price at Pcgameskey. Order now and we will send you the Office 2019 Professional Plus product key directly via e-mail. This is a one-time license and the activation key is only valid for installation on 1 PC.,https://pcgameskey.com/product/office-2019-professional-plus/
Office 2016 Professional Plus Key,Us$ 4.49,https://pcgameskey.com/wp-content/themes/rehub-theme/images/default/wooproductph.png,SOFTWARE,Buy Office 2016 Professional Plus Key for the best price at Pcgameskey. Order now and we will send you the Office 2016 product key directly via e-mail. This is a one-time license and the activation key is only valid for installation on 1 PC.,https://pcgameskey.com/product/office-2016-professional-plus-key/
Office 365 Pro Plus 5 Devices 100 GB,Us$ 3.79,https://pcgameskey.com/wp-content/themes/rehub-theme/images/default/wooproductph.png,SOFTWARE,"Lifetime NO MONTHLY FEES Word, Excel, Powerpoint, OneNote, Outlook, Publisher & Access Included INSTANT DELIVERY",https://pcgameskey.com/product/office-365-professional-plus-lifetime-5-devices/
Windows 10 Pro Retail Key,Us$ 3.29,https://pcgameskey.com/wp-content/themes/rehub-theme/images/default/wooproductph.png,SOFTWARE,Buy Windows 10 Pro Retail Key for the best price at Pcgameskey. Order now and we will send you the product key directly via e-mail. This is a one-time license and the activation key is only valid for installation on 1 PC.,https://pcgameskey.com/product/windows-10-pro-retail/
Windows 7 Ultimate Key,Us$ 3.49,https://pcgameskey.com/wp-content/themes/rehub-theme/images/default/wooproductph.png,SOFTWARE,Buy Windows 7 Ultimate Key for the best price at Pcgameskey. Order now and we will send you the Windows 7 Ultimate product key via e-mail. The activation key is only valid for installation on 1 PC.,https://pcgameskey.com/product/windows-7-ultimate-key/
Windows 11 Pro Oem Key,Us$ 3.49,https://pcgameskey.com/wp-content/themes/rehub-theme/images/default/wooproductph.png,SOFTWARE,Buy Windows 11 Pro Oem Key for the best price at Pcgameskey. Order now and we will send you the Windows 11 Pro Oem product key directly via e-mail. This is a one-time license and the activation key is only valid for installation on 1 PC.,https://pcgameskey.com/product/windows-11-pro-oem/
Windows 11 Pro Retail Key,Us$ 3.49,https://pcgameskey.com/wp-content/themes/rehub-theme/images/default/wooproductph.png,SOFTWARE,Buy Windows 11 Pro Retail Key for the best price at Pcgameskey. Order now and we will send you the Windows 11 Pro Retail product key directly via e-mail. This is a one-time license and the activation key is only valid for installation on 1 PC.,https://pcgameskey.com/product/windows-11-pro-retail/
Windows 10 Home Oem Key,Us$ 3.39,https://pcgameskey.com/wp-content/themes/rehub-theme/images/default/wooproductph.png,SOFTWARE,Buy Windows 10 Home Oem Key for the best price at Pcgameskey. Order now and we will send you the product key directly via e-mail. This is a one-time license and the activation key is only valid for installation on 1 PC.,https://pcgameskey.com/product/windows-10-home-oem-key/
Windows Server 2019 Standard Key,Us$ 4.29,https://pcgameskey.com/wp-content/themes/rehub-theme/images/default/wooproductph.png,SOFTWARE,Buy Windows Server 2019 Standard Key for the best price at Pcgameskey. Order now and we will send you the product key directly via e-mail. This is a one-time license and the activation key is only valid for installation on 1 PC.,https://pcgameskey.com/product/windows-server-2019-standard-key/
Office 2021 Professional Plus Cd Key Phone activation,Us$ 4.29,https://pcgameskey.com/wp-content/themes/rehub-theme/images/default/wooproductph.png,SOFTWARE,"Buy Office 2021 Professional Plus Key for the best price at Pcgameskey. Order now and we will send you the product key directly via e-mail. This is a one-time license and the activation key is only valid for installation on 1 PC. It includes classic versions of Word, Excel, PowerPoint, and Outlook, as well as Publisher, OneNote, Skype for Business, and Access.",https://pcgameskey.com/product/office-2021-professional-plus-cd-key-phone-activation/
Windows 10 Home Retail Key,Us$ 3.39,https://pcgameskey.com/wp-content/themes/rehub-theme/images/default/wooproductph.png,SOFTWARE,Buy Windows 10 Home Retail Key for the best price at Pcgameskey. Order now and we will send you the product key directly via e-mail. This is a one-time license and the activation key is only valid for installation on 1 PC.,https://pcgameskey.com/product/windows-10-home/
Windows 11 Home Retail Key,Us$ 3.49,https://pcgameskey.com/wp-content/themes/rehub-theme/images/default/wooproductph.png,SOFTWARE,Buy Windows 11 Home Retail Key for the best price at Pcgameskey. Order now and we will send you the Windows 11 Home Retail product key directly via e-mail. This is a one-time license and the activation key is only valid for installation on 1 PC.,https://pcgameskey.com/product/windows-11-home/
Office 2019 Professional Plus Key,Us$ 5.49,https://pcgameskey.com/wp-content/themes/rehub-theme/images/default/wooproductph.png,SOFTWARE,Buy Office 2019 Professional Plus Key for the best price at Pcgameskey. Order now and we will send you the Office 2019 Professional Plus product key directly via e-mail. This is a one-time license and the activation key is only valid for installation on 1 PC.,https://pcgameskey.com/product/office-2019-professional-plus/
